Row Labels,Sum of percentage
ANU,68.66666667
BABU,36.66666667
CHANDRU,53.66666667
DAVID,77
EINSTEIN,43
FAROOK,35
GOWTHAM,58.5
HARSHITH,41.83333333
INIYAN,53.16666667
JOHN,64.66666667
Grand Total,532.1666667
